x_min	y_min	x_max	y_max	object_count	assess
0	0	115	140	2108738	1
116	0	255	140	2512934	0.66666666666667
0	141	54	155	1470583	2.3333333333333
55	141	104	152	3139475	1.6666666666667
105	141	123	165	618000	2
124	141	140	156	316912	2
141	141	152	165	1087757	1.3333333333333
153	141	193	166	1240603	1
194	141	217	166	422184	2
218	141	255	158	4543718	2
55	153	66	163	4064943	1.3333333333333
67	153	77	157	2895657	1
78	153	104	179	814936	1
0	156	54	164	2963156	2.3333333333333
124	157	140	160	901332	1.6666666666667
67	158	77	163	3934104	1
218	159	255	166	493895	2.6666666666667
124	161	140	165	3255184	2
55	164	77	179	1917042	1
0	165	54	179	2003781	2
105	166	129	179	3697022	1
130	166	135	169	3524536	1
136	166	137	169	1089484	1.3333333333333
138	166	142	173	1837377	1.6666666666667
143	166	152	179	841460	1.3333333333333
153	167	255	255	1476592	1.6666666666667
130	170	131	173	1084702	1.3333333333333
132	170	137	173	3483077	1.3333333333333
130	174	142	179	862189	1
0	180	54	255	213989	2
55	180	104	255	66452	2
105	180	152	255	1317168	0.66666666666667
